<?xml version="1.0" encoding="UTF-8"?>
<?xml-stylesheet type="text/xsl" href="C:\Program Files (x86)\InstallShield\2019\Support\0409\validationreport.xsl"?>
<Validation Database="C:\Users\Tolid\Downloads\NitroShare\ISTempMsi.msi" CUB="C:\Program Files (x86)\InstallShield\2019\Support\Validation\darice.cub" Date="1/23/2020" Time="2:07:44 PM">
  <Test Id="ICE01" Type="3">ICE01 - Simple ICE that doesn't test anything</Test>
  <Test Id="ICE01" Type="3">Created 04/29/1998. Last Modified 08/17/1998.</Test>
  <Test Id="ICE01" Type="3">Called at 14:07:45.</Test>
  <Test Id="ICE02" Type="3">ICE02 - ICE to test circular references in File and Component tables</Test>
  <Test Id="ICE02" Type="3">Created 05/18/1998. Last Modified 10/12/1998.</Test>
  <Test Id="ICE03" Type="3">ICE03 - ICE to perform data validation and foreign key references</Test>
  <Test Id="ICE03" Type="3">Created 05/19/1998. Last Modified 10/03/2001.</Test>
  <Test Id="ICE04" Type="3">ICE04 - ICE to validate File table sequences according to Media table</Test>
  <Test Id="ICE04" Type="3">Created 05/19/1998. Last Modified 09/24/1998.</Test>
  <Test Id="ICE04" Type="3" Doc="ice04.html">Max Sequence in Media Table is 10</Test>
  <Test Id="ICE05" Type="3">ICE05 - ICE to validate that required data exists in certain tables.</Test>
  <Test Id="ICE05" Type="3">Created 05/20/1998. Last Modified 01/26/1999.</Test>
  <Test Id="ICE06" Type="3">ICE06 - ICE that looks for missing columns in database tables</Test>
  <Test Id="ICE06" Type="3">Created 05/20/1998. Last Modified 02/18/1999.</Test>
  <Test Id="ICE07" Type="3">ICE07 - ICE that ensures that fonts are installed to the fonts folder. Only checked if you have a Font table</Test>
  <Test Id="ICE07" Type="3">Created 05/21/1998. Last Modified 02/18/1999.</Test>
  <Test Id="ICE08" Type="3">ICE08 - Checks for duplicate GUIDs in Component table</Test>
  <Test Id="ICE08" Type="3">Created 05/21/98. Last Modified 10/08/98.</Test>
  <Test Id="ICE09" Type="3">ICE09 - Checks for components whose Directory is the System directory but aren't set as system components </Test>
  <Test Id="ICE09" Type="3">Created 05/21/98. Last Modified 10/09/2000.</Test>
  <Test Id="ICE09" Type="2" Doc="" Table="Component" Column="Component" Key="AllOtherFiles">Component: AllOtherFiles is a non-permanent system component</Test>
  <Test Id="ICE09" Type="2" Doc="" Table="Component" Column="Component" Key="ftvspc32.dll">Component: ftvspc32.dll is a non-permanent system component</Test>
  <Test Id="ICE10" Type="3">ICE10 - ICE that ensures that advertise states of feature childs and parents match</Test>
  <Test Id="ICE10" Type="3">Created 05/22/1998. Last Modified 10/02/2000.</Test>
  <Test Id="ICE11" Type="3">ICE11 - ICE that validates the Product Code of a nested install (advertised MSI) custom action type</Test>
  <Test Id="ICE11" Type="3">Created 05/22/1998. Last Modified 08/17/1998.</Test>
  <Test Id="ICE12" Type="3">ICE12 - ICE that validates the Property type custom actions</Test>
  <Test Id="ICE12" Type="3">Created 05/29/1998. Last Modified 01/14/2000.</Test>
  <Test Id="ICE13" Type="3">ICE13 - ICE that validates that no dialogs are listed in the *ExecuteSequence tables</Test>
  <Test Id="ICE13" Type="3">Created 06/08/1998. Last Modified 08/17/1998.</Test>
  <Test Id="ICE14" Type="3">ICE14 - ICE that ensures that Feature_Parents do not have the ifrsFavorParent attribute set</Test>
  <Test Id="ICE14" Type="3">Created 06/08/1998. Last Modified 01/27/1999.</Test>
  <Test Id="ICE15" Type="3">ICE15 - ICE that ensures that a circular reference exists between the Mime and Extension tables</Test>
  <Test Id="ICE15" Type="3">Created 06/11/1998. Last Modified 01/05/1999.</Test>
  <Test Id="ICE16" Type="3">ICE16 - ICE that ensures that the ProductName in the Property table is less than 64 characters for downlevel targeting packages (schema 200) and less than 260 characters for uplevel targeting packages (schema &gt;= 300)</Test>
  <Test Id="ICE16" Type="3">Created 06/11/1998. Last Modified 04/11/2007.</Test>
  <Test Id="ICE17" Type="3">ICE17 - ICE that validates foreign key dependencies based upon control types in the Control table.</Test>
  <Test Id="ICE17" Type="3">Created 06/16/1998. Last Modified 12/21/2004.</Test>
  <Test Id="ICE18" Type="3">ICE18 - ICE that validates the nulled KeyPath columns of the Component table.</Test>
  <Test Id="ICE18" Type="3">Created 06/18/1998. Last Modified 03/24/1999.</Test>
  <Test Id="ICE19" Type="3">ICE19 - ICE that validates that ComponentIDs and KeyPaths for advertising.</Test>
  <Test Id="ICE19" Type="3">Created 06/18/1998. Last Modified 01/21/1999.</Test>
  <Test Id="ICE20" Type="3">ICE20 - ICE that validates for Standard Dialogs if UI is authored.</Test>
  <Test Id="ICE20" Type="3">Created 06/25/1998. Last Modified 10/04/1998.</Test>
  <Test Id="ICE21" Type="3">ICE21 - ICE that validates that all components reference a feature.</Test>
  <Test Id="ICE21" Type="3">Created 06/29/1998. Last Modified 03/02/1999.</Test>
  <Test Id="ICE22" Type="3">ICE22 - ICE that validates that the feature and component referenced by a PublishedComponent actually map.</Test>
  <Test Id="ICE22" Type="3">Created 06/29/1998. Last Modified 03/02/1999.</Test>
  <Test Id="ICE23" Type="3">ICE23 - ICE that validates the tab order of all dialogs.</Test>
  <Test Id="ICE23" Type="3">Created 07/02/1998. Last Modified 01/17/2000.</Test>
  <Test Id="ICE24" Type="3">ICE24 - ICE that validates specific properties in the Property table.</Test>
  <Test Id="ICE24" Type="3">Created 07/15/1998. Last Modified 01/15/2004.</Test>
  <Test Id="ICE25" Type="3">ICE25 - ICE that validates module dependencies/exclusions.</Test>
  <Test Id="ICE25" Type="3">Created 07/20/1998. Last Modified 08/31/1998.</Test>
  <Test Id="ICE26" Type="3">ICE26 - ICE that validates required and prohibited actions in the Sequence tables.</Test>
  <Test Id="ICE26" Type="3">Created 08/13/1998. Last Modified 04/06/1999.</Test>
  <Test Id="ICE27" Type="3">ICE27 - ICE that validates sequence table organization and sequence table dependencies.</Test>
  <Test Id="ICE27" Type="3">Created 08/04/1998. Last Modified 04/22/1999.</Test>
  <Test Id="ICE27" Type="3" Doc="ice27.html">AdminExecuteSequence TABLE: Validating organization. . .</Test>
  <Test Id="ICE27" Type="3" Doc="ice27.html">AdminExecuteSequence TABLE: Validating sequence of actions and dependencies. . .</Test>
  <Test Id="ICE27" Type="3" Doc="ice27.html">AdminUISequence TABLE: Validating organization. . .</Test>
  <Test Id="ICE27" Type="3" Doc="ice27.html">AdminUISequence TABLE: Validating sequence of actions and dependencies. . .</Test>
  <Test Id="ICE27" Type="3" Doc="ice27.html">AdvtExecuteSequence TABLE: Validating organization. . .</Test>
  <Test Id="ICE27" Type="3" Doc="ice27.html">AdvtExecuteSequence TABLE: Validating sequence of actions and dependencies. . .</Test>
  <Test Id="ICE27" Type="3" Doc="ice27.html">AdvtUISequence TABLE: Validating organization. . .</Test>
  <Test Id="ICE27" Type="3" Doc="ice27.html">AdvtUISequence TABLE: Validating sequence of actions and dependencies. . .</Test>
  <Test Id="ICE27" Type="3" Doc="ice27.html">InstallExecuteSequence TABLE: Validating organization. . .</Test>
  <Test Id="ICE27" Type="3" Doc="ice27.html">InstallExecuteSequence TABLE: Validating sequence of actions and dependencies. . .</Test>
  <Test Id="ICE27" Type="3" Doc="ice27.html">InstallUISequence TABLE: Validating organization. . .</Test>
  <Test Id="ICE27" Type="3" Doc="ice27.html">InstallUISequence TABLE: Validating sequence of actions and dependencies. . .</Test>
  <Test Id="ICE28" Type="3">ICE28 - ICE that validates actions that can't be separated by ForceReboot.</Test>
  <Test Id="ICE28" Type="3">Created 08/13/1998. Last Modified 10/27/1998.</Test>
  <Test Id="ICE29" Type="3">ICE29 - ICE that validates stream names.</Test>
  <Test Id="ICE29" Type="3">Created 08/11/1998. Last Modified 10/27/1998.</Test>
  <Test Id="ICE29" Type="3" Doc="ice29.html">Stream Column Found In Binary Table</Test>
  <Test Id="ICE29" Type="3" Doc="ice29.html">Stream Column Found In Icon Table</Test>
  <Test Id="ICE29" Type="3" Doc="ice29.html">Stream Column Found In Patch Table</Test>
  <Test Id="ICE30" Type="3">ICE30 - ICE that detects cross-component file collisions.</Test>
  <Test Id="ICE30" Type="3">Create 08/25/1998. Last Modified 06/26/2001.</Test>
  <Test Id="ICE30" Type="3" Doc="ice30.html">Resolving Component Paths...</Test>
  <Test Id="ICE30" Type="3" Doc="ice30.html">Checking for colliding files...</Test>
  <Test Id="ICE31" Type="3">ICE31 - ICE to verify that controls use valid text styles.</Test>
  <Test Id="ICE31" Type="3">Created 07/24/1998. Last Modified 01/21/2005.</Test>
  <Test Id="ICE32" Type="3">ICE32 - Confirms that keys and foreign keys are the same type/size</Test>
  <Test Id="ICE32" Type="3">Created 07/30/98. Last Modified 10/08/98.</Test>
  <Test Id="ICE32" Type="3" Doc="" Table="_Validation">IniLocator table is not in database, but is listed in the _Validation table as a foreign key of AppSearch.Signature_</Test>
  <Test Id="ICE32" Type="3" Doc="" Table="_Validation">CompLocator table is not in database, but is listed in the _Validation table as a foreign key of AppSearch.Signature_</Test>
  <Test Id="ICE32" Type="3" Doc="" Table="_Validation">ODBCDataSource table is not in database, but is listed in the _Validation table as a foreign key of Component.KeyPath</Test>
  <Test Id="ICE32" Type="3">Differences found = </Test>
  <Test Id="ICE33" Type="3">ICE33 - ICE to verify that Registry entries do not duplicate or collide with registry tables.</Test>
  <Test Id="ICE33" Type="3">Created 09/01/1998. Last Modified 04/19/2001.</Test>
  <Test Id="ICE34" Type="3">ICE34 - ICE to verify that all radio groups have a default.</Test>
  <Test Id="ICE34" Type="3">Created 08/06/1998. Last Modified 10/27/1998.</Test>
  <Test Id="ICE35" Type="3">ICE35 - ICE that validates that compressed files are not set RFS, and ensures they have CABs.</Test>
  <Test Id="ICE35" Type="3">Created 08/18/1998. Last Modified 10/17/2000.</Test>
  <Test Id="ICE36" Type="3">ICE36 - ICE that flags unused icons in the icon table, increasing performance.</Test>
  <Test Id="ICE36" Type="3">Created 08/17/1998. Last Modified 01/17/2000.</Test>
  <Test Id="ICE38" Type="3">ICE38 - ICE that verifes that components in the user profile use HKCU reg entries as KeyPaths.</Test>
  <Test Id="ICE38" Type="3">Created 08/28/1998. Last Modified 01/17/2000.</Test>
  <Test Id="ICE39" Type="3">ICE39 - ICE that validates summary information stream properties.</Test>
  <Test Id="ICE39" Type="3">Created 09/03/1998. Last Modified 02/09/2006.</Test>
  <Test Id="ICE39" Type="2" Doc="ice39.html" Table="SummaryInfo" Column="15">'Admin Image' flag set in SummaryInfo stream. Should be set only for Admin packages.</Test>
  <Test Id="ICE40" Type="3">ICE40 - ICE that checks various miscellaneous problems.</Test>
  <Test Id="ICE40" Type="3">Created 09/07/1998. Last Modified 12/02/2000.</Test>
  <Test Id="ICE41" Type="3">ICE41 - ICE that verifes that Feature/Component references are valid in advertising tables.</Test>
  <Test Id="ICE41" Type="3">Created 09/08/1998. Last Modified 09/11/1998.</Test>
  <Test Id="ICE42" Type="3">ICE42 - ICE that verifes arguments and context values in the Class Table.</Test>
  <Test Id="ICE42" Type="3">Created 09/10/1998. Last Modified 07/21/1999.</Test>
  <Test Id="ICE43" Type="3">ICE43 - ICE that verifes non-advertised shortucts are in components with HKCU keypaths.</Test>
  <Test Id="ICE43" Type="3">Created 09/27/1998. Last Modified 01/17/2000.</Test>
  <Test Id="ICE44" Type="3">ICE44 - ICE that verifes Dialog events refer to valid Dialog entries.</Test>
  <Test Id="ICE44" Type="3">Created 09/28/1998. Last Modified 09/30/1998.</Test>
  <Test Id="ICE45" Type="3">ICE45 - ICE that verifes reserved bits are not set in attributes columns.</Test>
  <Test Id="ICE45" Type="3">Created 10/01/1998. Last Modified 03/03/2008.</Test>
  <Test Id="ICE46" Type="3">ICE46 - ICE that checks for property usage where the property differs only by case from a defined property.</Test>
  <Test Id="ICE46" Type="3">Created 10/14/1998. Last Modified 10/02/2000.</Test>
  <Test Id="ICE48" Type="3">ICE48 - ICE that checks for directories that are hardcoded to local drives.</Test>
  <Test Id="ICE48" Type="3">Created 10/26/1998. Last Modified 10/26/1998.</Test>
  <Test Id="ICE50" Type="3">ICE50 - ICE that verifies the icon extension matches the shortcut target extension.</Test>
  <Test Id="ICE50" Type="3">Created 10/27/1998. Last Modified 10/29/1998.</Test>
  <Test Id="ICE51" Type="3">ICE51 - ICE to verify that only TTC/TTF/OTF fonts are missing titles.</Test>
  <Test Id="ICE51" Type="3">Created 10/28/1998. Last Modified 04/30/2008.</Test>
  <Test Id="ICE52" Type="3">ICE52 - ICE to verify that APPSearch properties are public properties.</Test>
  <Test Id="ICE52" Type="3">Created 11/16/1998. Last Modified 11/16/1998.</Test>
  <Test Id="ICE53" Type="3">ICE53 - ICE to verify that registry entries do not overwrite private installer data.</Test>
  <Test Id="ICE53" Type="3">Created 11/19/1998. Last Modified 07/21/1999.</Test>
  <Test Id="ICE54" Type="3">ICE54 - ICE to check that Component KeyPaths are not companion files.</Test>
  <Test Id="ICE54" Type="3">Created 12/07/1998. Last Modified 12/07/1998.</Test>
  <Test Id="ICE55" Type="3">ICE55 - ICE to check that LockPermission objects exist and have valid permissions.</Test>
  <Test Id="ICE55" Type="3">Created 12/14/1998. Last Modified 12/14/1998.</Test>
  <Test Id="ICE56" Type="3">ICE56 - ICE to check that the Directory structure has a single, valid, root.</Test>
  <Test Id="ICE56" Type="3">Created 12/15/1998. Last Modified 03/29/1999.</Test>
  <Test Id="ICE57" Type="3">ICE57 - Checks that components contain per-machine or per-user data, but not both.</Test>
  <Test Id="ICE57" Type="3">Created 02/11/1999. Last Modified 01/17/2000.</Test>
  <Test Id="ICE58" Type="3">ICE58 - ICE to ensure that you have fewer than 80 entries in the Media table.</Test>
  <Test Id="ICE58" Type="3">Created 04/08/1999. Last Modified 12/02/2000.</Test>
  <Test Id="ICE59" Type="3">ICE59 - ICE to ensure that advertised shortcut targets install the component of the shortcut.</Test>
  <Test Id="ICE59" Type="3">Created 04/08/1999. Last Modified 04/08/1999.</Test>
  <Test Id="ICE60" Type="3">ICE60 - Verifies that files in the file table which are not fonts have a valid version/language.</Test>
  <Test Id="ICE60" Type="3">Created 04/13/1999. Last Modified 10/26/2000.</Test>
  <Test Id="ICE61" Type="3">Created 05/03/1999. Last Modified 04/19/2001</Test>
  <Test Id="ICE61" Type="3">Verifies various elements of the Upgrade table</Test>
  <Test Id="ICE61" Type="1" Doc="" Table="Upgrade" Column="ActionProperty" Key="{F57C8F4B-C656-4609-9C32-A86F53E5E09D}&#x9;5.00.0000&#x9;2">Upgrade.ActionProperty ISFOUNDNEWERPRODUCTVERSION must be added to the SecureCustomProperties property.</Test>
  <Test Id="ICE62" Type="3">ICE62 - Performs a wide variety of IsolatedComponent checks.</Test>
  <Test Id="ICE62" Type="3">Created 06/03/1999. Last Modified 06/21/1999.</Test>
  <Test Id="ICE63" Type="3">ICE63 - Validates sequence restrictions on RemoveExistingProducts</Test>
  <Test Id="ICE63" Type="3">Created 06/04/1999. Last Modified 07/21/1999.</Test>
  <Test Id="ICE64" Type="3">ICE64 - Checks that Profile directories are listed in the RemoveFile table.</Test>
  <Test Id="ICE64" Type="3">Created 06/07/1999. Last Modified 01/17/2000.</Test>
  <Test Id="ICE65" Type="3">ICE65 - Checks that the Environment table does not have invalid prefix or append values.</Test>
  <Test Id="ICE65" Type="3">Created 06/11/1999. Last Modified 06/21/1999.</Test>
  <Test Id="ICE66" Type="3">ICE66 - Determines the appropriate schema for the package and ensures that the marked schema is valid.</Test>
  <Test Id="ICE66" Type="3">Created 06/14/1999. Last Modified 07/14/2005.</Test>
  <Test Id="ICE66" Type="2" Doc="ice66.html" Table="Shortcut">Complete functionality of the Shortcut table is only available with Windows Installer version 4.0. Your schema is 200.</Test>
  <Test Id="ICE67" Type="3">ICE67 - Validates that shortcuts are installed by the component of their target.</Test>
  <Test Id="ICE67" Type="3">Created 06/17/1999. Last Modified 06/21/1999.</Test>
  <Test Id="ICE68" Type="3">ICE68 - Checks that all custom actions are of a valid type.</Test>
  <Test Id="ICE68" Type="3">Created 06/22/1999. Last Modified 04/19/2001.</Test>
  <Test Id="ICE69" Type="3">ICE69 - Checks for possible cross-component references with [$component] and [#filekey] literals in formatted string that could result in error</Test>
  <Test Id="ICE69" Type="3">Created 06/22/1999. Last Modified 01/24/2006.</Test>
  <Test Id="ICE70" Type="3">ICE70 - Checks that the characters following a # in a registry value are numeric</Test>
  <Test Id="ICE70" Type="3">Created 07/14/1999. Last Modified 07/21/1999.</Test>
  <Test Id="ICE71" Type="3">ICE71 - Verifies that the first media table entry starts with 1</Test>
  <Test Id="ICE71" Type="3">Created 08/02/1999. Last Modified 08/02/1999.</Test>
  <Test Id="ICE72" Type="3">ICE72 - Verifies that only built-in custom actions are used in the AdvtExecuteSequence table</Test>
  <Test Id="ICE72" Type="3">Created 10/11/1999. Last Modified 10/11/1999.</Test>
  <Test Id="ICE73" Type="3">ICE73 - Verifies that the package does not reuse package and product codes of Windows Installer SDK packages</Test>
  <Test Id="ICE73" Type="3">Created 10/28/1999. Last Modified 11/13/2002.</Test>
  <Test Id="ICE74" Type="3">ICE74 - ICE to ensure that the FASTOEM property does not exist in the database.</Test>
  <Test Id="ICE74" Type="3">Created 01/14/2000. Last Modified 01/14/2000.</Test>
  <Test Id="ICE75" Type="3">ICE75 - ICE to ensure that custom actions whose source is an installed file are sequenced after CostFinalize.</Test>
  <Test Id="ICE75" Type="3">Created 02/08/2000. Last Modified 02/08/2000.</Test>
  <Test Id="ICE76" Type="3">ICE76 - ICE to ensure that files associated with SFP catalogs are not in the BindImage table.</Test>
  <Test Id="ICE76" Type="3">Created 02/25/2000. Last modified 04/11/2000.</Test>
  <Test Id="ICE77" Type="3">ICE77 - ICE to ensure that inscript custom actions are scheduled between InstallInitialize and InstallFinalize.</Test>
  <Test Id="ICE77" Type="3">Created 07/05/2000. Last modified 07/05/2000.</Test>
  <Test Id="ICE78" Type="3">ICE78 - Verifies that AdvtUISequence table either does not exist or is empty.</Test>
  <Test Id="ICE78" Type="3">Created 8/29/2000. Last Modified 8/29/2000.</Test>
  <Test Id="ICE79" Type="3">ICE79 - Verifies that references to component and feature in conditions are valid.</Test>
  <Test Id="ICE79" Type="3">Created 10/24/2000. Last Modified 05/22/2001.</Test>
  <Test Id="ICE80" Type="3">ICE80 - Verifies that various Template Summary Properties are correct.</Test>
  <Test Id="ICE80" Type="3">Created 01/17/2001. Last Modified 06/26/2001.</Test>
  <Test Id="ICE80" Type="1" Doc="ice80.html" Table="Component" Column="Directory_" Key="VirCom.exe">This 64BitComponent VirCom.exe uses 32BitDirectory INSTALLDIR</Test>
  <Test Id="ICE80" Type="1" Doc="ice80.html" Table="Component" Column="Directory_" Key="AllOtherFiles">This 64BitComponent AllOtherFiles uses 32BitDirectory SystemFolder</Test>
  <Test Id="ICE80" Type="1" Doc="ice80.html" Table="Component" Column="Directory_" Key="ftvspc32.dll">This 64BitComponent ftvspc32.dll uses 32BitDirectory SystemFolder</Test>
  <Test Id="ICE80" Type="1" Doc="ice80.html" Table="Component" Column="Directory_" Key="ISRegistryComponent">This 64BitComponent ISRegistryComponent uses 32BitDirectory INSTALLDIR</Test>
  <Test Id="ICE81" Type="3">ICE81 - MsiDigitalCertificate, MsiDigitalSignature, MsiPackageCertificate and MsiPatchCertificate table validator.</Test>
  <Test Id="ICE81" Type="3">Created 04/04/2001. Last Modified 11/20/2008.</Test>
  <Test Id="ICE82" Type="3">ICE82 - InstallExecuteSequence validator and warns if the executeSequence tables found to use a sequence number more than once.`</Test>
  <Test Id="ICE82" Type="3">Created 04/10/2001. Last Modified 04/10/2001.</Test>
  <Test Id="ICE82" Type="2" Doc="ice82.html" Table="InstallExecuteSequence" Column="Sequence" Key="SystemFolder.2E449715_9C9A_46C2_A8CD_24D839FE4169">This action SystemFolder.2E449715_9C9A_46C2_A8CD_24D839FE4169 has duplicate sequence number 1 in the table InstallExecuteSequence</Test>
  <Test Id="ICE82" Type="2" Doc="ice82.html" Table="InstallUISequence" Column="Sequence" Key="SystemFolder.2E449715_9C9A_46C2_A8CD_24D839FE4169">This action SystemFolder.2E449715_9C9A_46C2_A8CD_24D839FE4169 has duplicate sequence number 1 in the table InstallUISequence</Test>
  <Test Id="ICE82" Type="2" Doc="ice82.html" Table="AdminExecuteSequence" Column="Sequence" Key="SystemFolder.2E449715_9C9A_46C2_A8CD_24D839FE4169">This action SystemFolder.2E449715_9C9A_46C2_A8CD_24D839FE4169 has duplicate sequence number 1 in the table AdminExecuteSequence</Test>
  <Test Id="ICE82" Type="2" Doc="ice82.html" Table="AdminUISequence" Column="Sequence" Key="SystemFolder.2E449715_9C9A_46C2_A8CD_24D839FE4169">This action SystemFolder.2E449715_9C9A_46C2_A8CD_24D839FE4169 has duplicate sequence number 1 in the table AdminUISequence</Test>
  <Test Id="ICE82" Type="2" Doc="ice82.html" Table="AdvtExecuteSequence" Column="Sequence" Key="SystemFolder.2E449715_9C9A_46C2_A8CD_24D839FE4169">This action SystemFolder.2E449715_9C9A_46C2_A8CD_24D839FE4169 has duplicate sequence number 1 in the table AdvtExecuteSequence</Test>
  <Test Id="ICE83" Type="3">ICE83 - MsiAssembly table and MsiAssemblyName table validator.</Test>
  <Test Id="ICE83" Type="3">Created 04/10/2001. Last Modified 04/10/2001.</Test>
  <Test Id="ICE84" Type="3">ICE84 - Verify that all required actions in sequence tables are condition-less.</Test>
  <Test Id="ICE84" Type="3">Created 05/04/2001. Last Modified 05/04/2001.</Test>
  <Test Id="ICE85" Type="3">ICE85 - Verify that the SourceName column of MoveFile table is a valid LFN WildCardFilename.</Test>
  <Test Id="ICE85" Type="3">Created 05/14/2001. Last Modified 05/14/2001.</Test>
  <Test Id="ICE86" Type="3">ICE86 - Post warning for the use of AdminUser instead of Privileged property in conditions.</Test>
  <Test Id="ICE86" Type="3">Created 05/18/2001. Last Modified 05/22/2001.</Test>
  <Test Id="ICE87" Type="3">ICE87 - Verifies that some properties that shouldn't be authored into the Property table are not.</Test>
  <Test Id="ICE87" Type="3">Created 05/29/2001. Last Modified 05/29/2001.</Test>
  <Test Id="ICE88" Type="3">ICE88 - Verifies that some properties that shouldn't be authored into the Property table are not.</Test>
  <Test Id="ICE88" Type="3">Created 05/29/2001. Last Modified 05/29/2001.</Test>
  <Test Id="ICE89" Type="3">ICE89 - Verifies that the Progid_Parent column in ProgId table is a valid foreign key into the ProgId column.</Test>
  <Test Id="ICE89" Type="3">Created 06/06/2001. Last Modified 06/06/2001.</Test>
  <Test Id="ICE90" Type="3">ICE90 - Warns user of cases where a shortcut's directory is a public property (ALL CAPS) that is under a profile directory. This results in a problem if the value of the ALLUSERS property changes in the UI sequence.</Test>
  <Test Id="ICE90" Type="3">Created 06/08/2001. Last Modified 06/08/2001.</Test>
  <Test Id="ICE91" Type="3">ICE91 - Warns user of cases where a file (or INI entry, shortcut) is explicitly installed into a per-user profile directory that doesn't vary based on the ALLUSERS value. These files will not be copied into each user's profile.</Test>
  <Test Id="ICE91" Type="3">Created 06/11/2001. Last Modified 06/11/2001.</Test>
  <Test Id="ICE92" Type="3">ICE92 - Verifies that a component marked permanent has a GUID and does not have supersedence attribute marked.</Test>
  <Test Id="ICE92" Type="3">Created 06/12/2001. Last Modified 04/23/2007.</Test>
  <Test Id="ICE93" Type="3">ICE93 - Verifies that a custom action doesn't use the same name as a standard action.</Test>
  <Test Id="ICE93" Type="3">Created 06/13/2001. Last Modified 06/13/2001.</Test>
  <Test Id="ICE94" Type="3">ICE94 - Verifies that there are no non-advertised shortcuts to assembly files in the global assembly cache.</Test>
  <Test Id="ICE94" Type="3">Created 06/18/2001. Last Modified 06/18/2001.</Test>
  <Test Id="ICE95" Type="3">ICE95 - Verifies that Billboard control items fit into all the Billboards.</Test>
  <Test Id="ICE95" Type="3">Created 06/19/2001. Last Modified 06/19/2001.</Test>
  <Test Id="ICE96" Type="3">ICE96 - Verifies that PublishFeatures and PublishProduct actions are authored in AdvtExecuteSequence table.</Test>
  <Test Id="ICE96" Type="3">Created 07/20/2001. Last Modified 07/20/2001.</Test>
  <Test Id="ICE97" Type="3">ICE97 - Verifies that 2 components do not isolate a shared component to the same directory</Test>
  <Test Id="ICE97" Type="3">Created 09/26/2002. Last Modified 09/26/2002.</Test>
  <Test Id="ICE98" Type="3">ICE98 - Verifies that DSNs using the ODBCDataSource table do not contain invalid characters nor do they exceed the maximum length.</Test>
  <Test Id="ICE98" Type="3">Created 06/02/2004. Last Modified 06/02/2004.</Test>
  <Test Id="ICE99" Type="3">ICE99 - Verifies that names in the Directory table are not part of the set of MSI Public Properties</Test>
  <Test Id="ICE99" Type="3">Created 06/18/2004. Last Modified 06/18/2004.</Test>
  <Test Id="ICE100" Type="3">ICE100 - Validates the MsiEmbeddedUI Table, checking for duplicate filenames and validity of order values, attributes, etc.</Test>
  <Test Id="ICE100" Type="3">Created 04/02/2007. Last Modified 04/02/2007.</Test>
  <Test Id="ICE101" Type="3">ICE101 - Verifies that feature names are limited to 38 characters</Test>
  <Test Id="ICE101" Type="3">Created 03/06/2007. Last Modified 03/06/2007.</Test>
  <Test Id="ICE102" Type="3">ICE102 - Validates the MsiServiceConfig and MsiServiceConfigFailureActions tables</Test>
  <Test Id="ICE102" Type="3">Created 10/25/2007. Last Modified 10/26/2007.</Test>
  <Test Id="ICE103" Type="3">ICE103 - Validates the MsiPrint and MsiLaunchApp control events</Test>
  <Test Id="ICE103" Type="3">Created 01/14/2008. Last Modified 01/14/2008.</Test>
  <Test Id="ICE104" Type="3">ICE104 - Validates the MsiLockPermissionsEx table</Test>
  <Test Id="ICE104" Type="3">Created 02/14/2008. Last Modified 02/16/2008.</Test>
  <Test Id="ICE105" Type="3">ICE105 - Validates the package to make sure that it can be installed in true Per-User mode</Test>
  <Test Id="ICE105" Type="3">Created 05/01/2008. Last Modified 05/21/2008.</Test>
  <Summary Status="Complete" Failed="0" Errors="5" Warnings="9" EndDate="1/23/2020" EndTime="2:07:50 PM" />
</Validation>