<?xml version="1.0" encoding="UTF-8"?>
<?xml-stylesheet type="text/xsl" href="C:\Program Files (x86)\InstallShield\2019\Support\0409\validationreport.xsl"?>
<Validation Database="C:\Users\Tolid\Downloads\NitroShare\ISTempMsi.msi" CUB="C:\Program Files (x86)\InstallShield\2019\Support\Validation\ISAppx.cub" Date="1/23/2020" Time="2:06:54 PM">
  <Test Id="ISUWP01" Type="3">ISUWP01 - Checks for the presence of Windows services.</Test>
  <Test Id="ISUWP01" Type="1" Doc="" Table="ServiceInstall">This package contains one or more Windows services. UWP app packages that target other devices than Windows Server do not support Windows services.</Test>
  <Test Id="ISUWP02" Type="3">ISUWP02 - Checks for the presence of drivers that are configured to be installed through the MsiDriverPackages table</Test>
  <Test Id="ISUWP03" Type="3">ISUWP03 - Checks for the presence of shortcuts. InstallShield requires shortcuts to identify applications. Without shortcuts to identify applications, the package is invalid as there are no ways to start your app.</Test>
  <Test Id="ISUWP04" Type="3">ISUWP04 - Checks for the presence of multiple shortcuts for Windows Store applications. InstallShield turns shortcuts into applications, and the Windows Store may disallow multiple applications.</Test>
  <Test Id="ISUWP04" Type="2" Doc="" Table="Shortcut">This package contains more than one shortcut. Windows Store may not allow more than one application.</Test>
  <Test Id="ISUWP05" Type="3">ISUWP05 - Checks for the presence of shortcuts for Windows Nano Server applications. InstallShield will turn any shortcut into a tile if it points to an .exe installed by the package; however Windows Nano Server cannot display application tiles.</Test>
  <Test Id="ISUWP05" Type="2" Doc="" Table="Shortcut">This package contains one or more shortcuts. Windows Nano Server cannot show application tiles.</Test>
  <Test Id="ISUWP06" Type="3">ISUWP06 - Checks for the presence of 16-bit files. All server installations are 64-bit platforms and 64-bit platforms do not support 16-bit files.</Test>
  <Test Id="ISUWP06" Type="1" Doc="" Table="File" Column="File" Key="vircom.exe">File VirCom.exe in Component VirCom.exe could not be found. All tests against this file's contents may be invalid.</Test>
  <Test Id="ISUWP06" Type="1" Doc="" Table="File" Column="File" Key="ftvspc32.dll">File ftvspc32.dll in Component ftvspc32.dll could not be found. All tests against this file's contents may be invalid.</Test>
  <Test Id="ISUWP06" Type="1" Doc="" Table="File" Column="File" Key="svc_exe_Id_notNT.2E449715_9C9A_46C2_A8CD_24D839FE4169">File ftvspcsrv.exe in Component service_ftvspcsrv_exe_notNT.2E449715_9C9A_46C2_A8CD_24D839FE4169 could not be found. All tests against this file's contents may be invalid.</Test>
  <Test Id="ISUWP06" Type="1" Doc="" Table="File" Column="File" Key="ftvspc_dll.2E449715_9C9A_46C2_A8CD_24D839FE4169">File ftvspc.dll in Component VSPCDll_id.2E449715_9C9A_46C2_A8CD_24D839FE4169 could not be found. All tests against this file's contents may be invalid.</Test>
  <Test Id="ISUWP06" Type="1" Doc="" Table="File" Column="File" Key="ftvspc_dll32.2E449715_9C9A_46C2_A8CD_24D839FE4169">File ftvspc.dll in Component VSPCDLL32_id.2E449715_9C9A_46C2_A8CD_24D839FE4169 could not be found. All tests against this file's contents may be invalid.</Test>
  <Test Id="ISUWP06" Type="1" Doc="" Table="File" Column="File" Key="ftvspenum_sys.2E449715_9C9A_46C2_A8CD_24D839FE4169">File ftvspcenum.sys in Component DRIVERS_1.2E449715_9C9A_46C2_A8CD_24D839FE4169 could not be found. All tests against this file's contents may be invalid.</Test>
  <Test Id="ISUWP06" Type="1" Doc="" Table="File" Column="File" Key="ftvserial_sys.2E449715_9C9A_46C2_A8CD_24D839FE4169">File ftvspc.sys in Component DRIVERS_2.2E449715_9C9A_46C2_A8CD_24D839FE4169 could not be found. All tests against this file's contents may be invalid.</Test>
  <Test Id="ISUWP06" Type="1" Doc="" Table="File" Column="File" Key="ftvspapi_dll.2E449715_9C9A_46C2_A8CD_24D839FE4169">File ftvspcapi.dll in Component DRIVERS_3.2E449715_9C9A_46C2_A8CD_24D839FE4169 could not be found. All tests against this file's contents may be invalid.</Test>
  <Test Id="ISUWP07" Type="3">ISUWP07 - Checks for the presence of 32-bit files. All server installations are 64-bit platforms and 64-bit platforms do not support 32-bit files.</Test>
  <Test Id="ISUWP07" Type="1" Doc="" Table="File" Column="File" Key="vircom.exe">File VirCom.exe in Component VirCom.exe could not be found. All tests against this file's contents may be invalid.</Test>
  <Test Id="ISUWP07" Type="1" Doc="" Table="File" Column="File" Key="ftvspc32.dll">File ftvspc32.dll in Component ftvspc32.dll could not be found. All tests against this file's contents may be invalid.</Test>
  <Test Id="ISUWP07" Type="1" Doc="" Table="File" Column="File" Key="svc_exe_Id_notNT.2E449715_9C9A_46C2_A8CD_24D839FE4169">File ftvspcsrv.exe in Component service_ftvspcsrv_exe_notNT.2E449715_9C9A_46C2_A8CD_24D839FE4169 could not be found. All tests against this file's contents may be invalid.</Test>
  <Test Id="ISUWP07" Type="1" Doc="" Table="File" Column="File" Key="ftvspc_dll.2E449715_9C9A_46C2_A8CD_24D839FE4169">File ftvspc.dll in Component VSPCDll_id.2E449715_9C9A_46C2_A8CD_24D839FE4169 could not be found. All tests against this file's contents may be invalid.</Test>
  <Test Id="ISUWP07" Type="1" Doc="" Table="File" Column="File" Key="ftvspc_dll32.2E449715_9C9A_46C2_A8CD_24D839FE4169">File ftvspc.dll in Component VSPCDLL32_id.2E449715_9C9A_46C2_A8CD_24D839FE4169 could not be found. All tests against this file's contents may be invalid.</Test>
  <Test Id="ISUWP07" Type="1" Doc="" Table="File" Column="File" Key="ftvspenum_sys.2E449715_9C9A_46C2_A8CD_24D839FE4169">File ftvspcenum.sys in Component DRIVERS_1.2E449715_9C9A_46C2_A8CD_24D839FE4169 could not be found. All tests against this file's contents may be invalid.</Test>
  <Test Id="ISUWP07" Type="1" Doc="" Table="File" Column="File" Key="ftvserial_sys.2E449715_9C9A_46C2_A8CD_24D839FE4169">File ftvspc.sys in Component DRIVERS_2.2E449715_9C9A_46C2_A8CD_24D839FE4169 could not be found. All tests against this file's contents may be invalid.</Test>
  <Test Id="ISUWP07" Type="1" Doc="" Table="File" Column="File" Key="ftvspapi_dll.2E449715_9C9A_46C2_A8CD_24D839FE4169">File ftvspcapi.dll in Component DRIVERS_3.2E449715_9C9A_46C2_A8CD_24D839FE4169 could not be found. All tests against this file's contents may be invalid.</Test>
  <Test Id="ISUWP08" Type="3">ISUWP08 - Checks for the presence of applications that require elevated privileges</Test>
  <Test Id="ISUWP08" Type="1" Doc="" Table="File" Column="File" Key="vircom.exe">File VirCom.exe in Component VirCom.exe could not be found. All tests against this file's contents may be invalid.</Test>
  <Test Id="ISUWP08" Type="1" Doc="" Table="File" Column="File" Key="svc_exe_Id_notNT.2E449715_9C9A_46C2_A8CD_24D839FE4169">File ftvspcsrv.exe in Component service_ftvspcsrv_exe_notNT.2E449715_9C9A_46C2_A8CD_24D839FE4169 could not be found. All tests against this file's contents may be invalid.</Test>
  <Test Id="ISUWP09" Type="3">ISUWP09 - Checks for the presence of applications that are allowed to bypass UI protection levels</Test>
  <Test Id="ISUWP09" Type="1" Doc="" Table="File" Column="File" Key="vircom.exe">File VirCom.exe in Component VirCom.exe could not be found. All tests against this file's contents may be invalid.</Test>
  <Test Id="ISUWP09" Type="1" Doc="" Table="File" Column="File" Key="svc_exe_Id_notNT.2E449715_9C9A_46C2_A8CD_24D839FE4169">File ftvspcsrv.exe in Component service_ftvspcsrv_exe_notNT.2E449715_9C9A_46C2_A8CD_24D839FE4169 could not be found. All tests against this file's contents may be invalid.</Test>
  <Test Id="ISUWP10" Type="3">ISUWP10 - Checks for the presence of COM registration</Test>
  <Test Id="ISUWP11" Type="3">ISUWP11 - Checks for the presence of executable files that set a custom Application User Model ID</Test>
  <Test Id="ISUWP11" Type="1" Doc="" Table="File" Column="File" Key="vircom.exe">File VirCom.exe in Component VirCom.exe could not be found. All tests against this file's contents may be invalid.</Test>
  <Test Id="ISUWP11" Type="1" Doc="" Table="File" Column="File" Key="ftvspc32.dll">File ftvspc32.dll in Component ftvspc32.dll could not be found. All tests against this file's contents may be invalid.</Test>
  <Test Id="ISUWP11" Type="1" Doc="" Table="File" Column="File" Key="svc_exe_Id_notNT.2E449715_9C9A_46C2_A8CD_24D839FE4169">File ftvspcsrv.exe in Component service_ftvspcsrv_exe_notNT.2E449715_9C9A_46C2_A8CD_24D839FE4169 could not be found. All tests against this file's contents may be invalid.</Test>
  <Test Id="ISUWP11" Type="1" Doc="" Table="File" Column="File" Key="ftvspc_dll.2E449715_9C9A_46C2_A8CD_24D839FE4169">File ftvspc.dll in Component VSPCDll_id.2E449715_9C9A_46C2_A8CD_24D839FE4169 could not be found. All tests against this file's contents may be invalid.</Test>
  <Test Id="ISUWP11" Type="1" Doc="" Table="File" Column="File" Key="ftvspc_dll32.2E449715_9C9A_46C2_A8CD_24D839FE4169">File ftvspc.dll in Component VSPCDLL32_id.2E449715_9C9A_46C2_A8CD_24D839FE4169 could not be found. All tests against this file's contents may be invalid.</Test>
  <Test Id="ISUWP11" Type="1" Doc="" Table="File" Column="File" Key="ftvspenum_sys.2E449715_9C9A_46C2_A8CD_24D839FE4169">File ftvspcenum.sys in Component DRIVERS_1.2E449715_9C9A_46C2_A8CD_24D839FE4169 could not be found. All tests against this file's contents may be invalid.</Test>
  <Test Id="ISUWP11" Type="1" Doc="" Table="File" Column="File" Key="ftvserial_sys.2E449715_9C9A_46C2_A8CD_24D839FE4169">File ftvspc.sys in Component DRIVERS_2.2E449715_9C9A_46C2_A8CD_24D839FE4169 could not be found. All tests against this file's contents may be invalid.</Test>
  <Test Id="ISUWP11" Type="1" Doc="" Table="File" Column="File" Key="ftvspapi_dll.2E449715_9C9A_46C2_A8CD_24D839FE4169">File ftvspcapi.dll in Component DRIVERS_3.2E449715_9C9A_46C2_A8CD_24D839FE4169 could not be found. All tests against this file's contents may be invalid.</Test>
  <Test Id="ISUWP12" Type="3">ISUWP12 - Checks for the presence of .NET assemblies that are incompatible with Windows Nano Server</Test>
  <Test Id="ISUWP12" Type="1" Doc="" Table="File" Column="File" Key="vircom.exe">File VirCom.exe in Component VirCom.exe could not be found. All tests against this file's contents may be invalid.</Test>
  <Test Id="ISUWP12" Type="1" Doc="" Table="File" Column="File" Key="ftvspc32.dll">File ftvspc32.dll in Component ftvspc32.dll could not be found. All tests against this file's contents may be invalid.</Test>
  <Test Id="ISUWP12" Type="1" Doc="" Table="File" Column="File" Key="svc_exe_Id_notNT.2E449715_9C9A_46C2_A8CD_24D839FE4169">File ftvspcsrv.exe in Component service_ftvspcsrv_exe_notNT.2E449715_9C9A_46C2_A8CD_24D839FE4169 could not be found. All tests against this file's contents may be invalid.</Test>
  <Test Id="ISUWP12" Type="1" Doc="" Table="File" Column="File" Key="ftvspc_dll.2E449715_9C9A_46C2_A8CD_24D839FE4169">File ftvspc.dll in Component VSPCDll_id.2E449715_9C9A_46C2_A8CD_24D839FE4169 could not be found. All tests against this file's contents may be invalid.</Test>
  <Test Id="ISUWP12" Type="1" Doc="" Table="File" Column="File" Key="ftvspc_dll32.2E449715_9C9A_46C2_A8CD_24D839FE4169">File ftvspc.dll in Component VSPCDLL32_id.2E449715_9C9A_46C2_A8CD_24D839FE4169 could not be found. All tests against this file's contents may be invalid.</Test>
  <Test Id="ISUWP12" Type="1" Doc="" Table="File" Column="File" Key="ftvspenum_sys.2E449715_9C9A_46C2_A8CD_24D839FE4169">File ftvspcenum.sys in Component DRIVERS_1.2E449715_9C9A_46C2_A8CD_24D839FE4169 could not be found. All tests against this file's contents may be invalid.</Test>
  <Test Id="ISUWP12" Type="1" Doc="" Table="File" Column="File" Key="ftvserial_sys.2E449715_9C9A_46C2_A8CD_24D839FE4169">File ftvspc.sys in Component DRIVERS_2.2E449715_9C9A_46C2_A8CD_24D839FE4169 could not be found. All tests against this file's contents may be invalid.</Test>
  <Test Id="ISUWP12" Type="1" Doc="" Table="File" Column="File" Key="ftvspapi_dll.2E449715_9C9A_46C2_A8CD_24D839FE4169">File ftvspcapi.dll in Component DRIVERS_3.2E449715_9C9A_46C2_A8CD_24D839FE4169 could not be found. All tests against this file's contents may be invalid.</Test>
  <Test Id="ISUWP13" Type="3">ISUWP13 - Checks for the presence of .NET assemblies that do not support the latest version of .NET Framework</Test>
  <Test Id="ISUWP13" Type="1" Doc="" Table="File" Column="File" Key="vircom.exe">File VirCom.exe in Component VirCom.exe could not be found. All tests against this file's contents may be invalid.</Test>
  <Test Id="ISUWP13" Type="1" Doc="" Table="File" Column="File" Key="ftvspc32.dll">File ftvspc32.dll in Component ftvspc32.dll could not be found. All tests against this file's contents may be invalid.</Test>
  <Test Id="ISUWP13" Type="1" Doc="" Table="File" Column="File" Key="svc_exe_Id_notNT.2E449715_9C9A_46C2_A8CD_24D839FE4169">File ftvspcsrv.exe in Component service_ftvspcsrv_exe_notNT.2E449715_9C9A_46C2_A8CD_24D839FE4169 could not be found. All tests against this file's contents may be invalid.</Test>
  <Test Id="ISUWP13" Type="1" Doc="" Table="File" Column="File" Key="ftvspc_dll.2E449715_9C9A_46C2_A8CD_24D839FE4169">File ftvspc.dll in Component VSPCDll_id.2E449715_9C9A_46C2_A8CD_24D839FE4169 could not be found. All tests against this file's contents may be invalid.</Test>
  <Test Id="ISUWP13" Type="1" Doc="" Table="File" Column="File" Key="ftvspc_dll32.2E449715_9C9A_46C2_A8CD_24D839FE4169">File ftvspc.dll in Component VSPCDLL32_id.2E449715_9C9A_46C2_A8CD_24D839FE4169 could not be found. All tests against this file's contents may be invalid.</Test>
  <Test Id="ISUWP13" Type="1" Doc="" Table="File" Column="File" Key="ftvspenum_sys.2E449715_9C9A_46C2_A8CD_24D839FE4169">File ftvspcenum.sys in Component DRIVERS_1.2E449715_9C9A_46C2_A8CD_24D839FE4169 could not be found. All tests against this file's contents may be invalid.</Test>
  <Test Id="ISUWP13" Type="1" Doc="" Table="File" Column="File" Key="ftvserial_sys.2E449715_9C9A_46C2_A8CD_24D839FE4169">File ftvspc.sys in Component DRIVERS_2.2E449715_9C9A_46C2_A8CD_24D839FE4169 could not be found. All tests against this file's contents may be invalid.</Test>
  <Test Id="ISUWP13" Type="1" Doc="" Table="File" Column="File" Key="ftvspapi_dll.2E449715_9C9A_46C2_A8CD_24D839FE4169">File ftvspcapi.dll in Component DRIVERS_3.2E449715_9C9A_46C2_A8CD_24D839FE4169 could not be found. All tests against this file's contents may be invalid.</Test>
  <Test Id="ISUWP14" Type="3">ISUWP14 - Checks for the presence of files that are part of ASP.NET/IIS applications</Test>
  <Test Id="ISUWP15" Type="3">ISUWP15 - Checks for the presence of InstallShield IIS support indicating that an ASP.NET/IIS application is installed</Test>
  <Test Id="ISUWP16" Type="3">ISUWP16 - Checks for the presence of built-in InstallShield support that executes SQL scripts</Test>
  <Test Id="ISUWP17" Type="3">ISUWP17 - Checks for the presence of built-in InstallShield support that modifies text files</Test>
  <Test Id="ISUWP18" Type="3">ISUWP18 - Checks for the presence of built-in InstallShield support that modifies XML files</Test>
  <Test Id="ISUWP19" Type="3">ISUWP19 - Checks for the presence of built-in InstallShield support that creates scheduled tasks</Test>
  <Test Id="ISUWP20" Type="3">ISUWP20 - Checks for the presence of file type associations that are reserved or forbidden</Test>
  <Summary Status="Complete" Failed="0" Errors="45" Warnings="2" EndDate="1/23/2020" EndTime="2:06:57 PM" />
</Validation>